{
  "horizon": 4,
  "mae": 219.91703167579564,
  "rmse": 451.8290949036964
}