{
  "horizon": 1,
  "mae": 165.90375967370179,
  "rmse": 359.78655169920313
}