{
  "horizon": 48,
  "mae": 321.2964126363578,
  "rmse": 617.7219550243395
}