{
  "horizon": 8,
  "mae": 251.60004210980912,
  "rmse": 506.3078751695561
}