{
  "horizon": 1,
  "mae": 165.903759673737,
  "rmse": 359.786551699193
}