{
  "horizon": 24,
  "mae": 304.1055184623358,
  "rmse": 587.345088091206
}